0,1,2,3
0.4877585717129771,1.332576193852007,-0.37444387617200425,-0.6928163967157909
-0.16102190351705578,0.8564047482572408,-0.40389551545392843,-0.15295893366284813
0.6420145667955488,-0.01124008749103421,-1.73694595967635,-0.8120901780240907
1.5363824823355114,-0.719964929972785,-0.2814149297656165,-0.3192347279091542
-0.25899524150792486,0.6293029733488092,0.7742357393237489,-1.9323717994377703
-0.2589784668736844,0.32363444505434735,-1.2191004927016256,0.21105536313586626
1.5937866456803111,0.8268743809157936,1.0877307618125007,-0.004708968570894963
0.7643635854529987,0.5660589164858033,0.5308572431815358,-0.8371864678628899
-0.49943123816242546,0.981705254886811,-0.6827943915029522,0.6647369556461687
0.5346009779056653,-0.6079222527309951,-0.09414381676943015,0.9478855892312793
-0.4932428955242647,1.2503645315740395,1.6338099307622678,-1.6413588435274988
-0.49560521170573835,0.1271504738446404,0.7749495560755352,-0.7818803332749915
0.2274693514707423,2.0105456908759716,0.05514158191940391,-0.7884091394825316
-1.9746199551846502,-0.762344995393966,-0.18963996474416575,-0.9621296662715003
-1.7821632592734395,1.6702124855810383,0.12250318415378776,0.8379166908387593
-0.5942617868606569,0.12746260288385308,-0.4618459515799035,-0.2031210421055044
-1.0545984852417367,-0.7244598405231328,-2.0439385182585004,-0.27503498338215937
0.30132561531352914,-0.5564160659418992,2.0746307942752957,-2.0445304069080192
-0.9475133331495713,-0.3923781307374463,0.20068082653965813,0.6404963158490732
-1.462754083649893,0.3544086974675639,0.4418425910092187,-1.2666736491475683
1.4777541478408813,0.4533795533685066,-0.011093764288909473,0.055036097012391615
-0.250436081478806,-0.646504507808666,-0.6836718287275309,0.27624934061283923
0.04924375017659667,-0.09548152058438772,-0.13823507330168475,1.37830738856225
-1.4754690643867505,2.077759808543654,-1.5420395627893284,-1.3374413632270572
-0.5759677996617248,1.661766137824402,2.3079329967716857,-3.077784333422424
0.09358136439234349,0.36660354765260317,-1.179651991776299,0.1811008484040664
-1.195764069645443,-0.03293302283595118,-0.9784913538627683,1.8257838859487687
0.36411200568907065,0.049345320047819795,-0.3908305691756583,1.2544855220649465
-0.6334465561804674,0.5443389616812465,1.325685416477547,0.20735807829179262
-0.3177863258933898,-1.0969684952840408,0.060827774426878305,-0.506092994518677
-0.6345376910679759,-0.3292150616001695,-1.181264685302628,0.815177016777747
1.8727874191755198,-1.744732103884669,1.2921787599821875,-0.9963558966295263
-0.03354286449099858,0.3293897039780951,0.7724197878865012,0.4786790827160323
-1.100453810527009,0.5781197734806207,0.5811709480283421,0.5082960740609929
0.8206716545677738,-0.5557145584651829,0.7572577990223289,1.07265105941463
-1.2671324176020058,1.507740804783294,2.4244064301089714,2.80155755458781
0.19365123533235903,-1.3005614266176142,2.216570463703849,0.3932823274252243
-2.02201817427265,-1.5398993019325264,-0.6356013566783948,-0.5237207690190548
-1.3768080327819323,0.15408468824666846,1.6591983061554847,-0.03195292694663938
0.18138799047325085,0.9792433469632301,0.42696594767058543,-1.8056744220598833
0.7347657787035792,1.618017467461246,0.5421008214104627,-0.7126898481308512
0.155340915737378,-0.5313381456625634,-1.6342805140059358,-0.42231181944586793
-0.13791429834216593,1.0109223236255112,-0.1228026167766103,-0.5391076970954363
-0.3274008081883629,-0.10967862053580414,-0.7608472328151498,0.14906028232775176
-1.5304117069034326,-0.24420701928305627,0.8688142590084842,-0.8426101759783245
-0.7552431500923308,0.8153058783613271,1.110174079365274,1.1345260181205106
-0.49040357046003347,0.5832623686923414,-2.0138823133269903,-0.005724684342497622
1.0603477889747912,-1.6522586539119681,0.024533810557948635,-0.015396860772929202
0.33133498539138584,1.4099968121058488,1.16060782593304,-0.3395134143023281
-1.821114216699462,1.31325328330105,-0.13898439526551948,0.15194524693668765
0.31137606325459427,-0.6985255822248223,0.7704960518453019,0.8334642548898058
-0.41320476864458894,0.32595967216513055,0.3951820710652134,-0.8880954172450322
-0.7113879761437966,0.424486286796511,0.3857418354334579,-0.6754588809434751
0.6052195479488454,0.19041724907302018,-0.22304164108487562,-0.31492581362216177
1.03365727684159,-0.6230382151811737,-1.1618434171104461,-1.3751340798424907
0.9317703521936166,-0.7447269074192535,-1.0674427492013732,-0.8393932954943081
-0.8772111876119162,-0.09668466224921698,0.750919712730171,-0.4904104906897119
-0.33568574037648474,1.1052577111547344,0.06574318598119583,0.883609524426242
0.3187115795122957,0.4742076304813705,-0.0911470579991904,0.26117693449689744
0.9769975134321424,-0.44279865865109663,-0.3745733450234739,0.19101004361537785
-0.509341928030089,0.7030027474817023,-0.2566838674414199,0.8597111354292023
-0.2094467593321638,-2.928293974815444,1.086170647302862,-0.14568817529919292
-1.1501347577267795,1.0812212137591475,-0.28653357587383804,0.391297391695834
-1.24195987629747,-1.8160790226747412,-1.2854760628580564,-0.11094622139433964
0.8104347878836258,-0.4346003082978464,0.7849844237721326,0.26402650464266925
1.3659672768194684,-1.1941416659719792,-0.15705765472840783,-0.598794881293513
-0.09332760958030507,-1.369687692504146,0.07759916254724741,-2.487024219658562
1.005593632089353,1.0933191325733804,1.6430031304258905,-0.14254194496967101
0.34974435803978365,-0.5401820090238159,0.025998035400095317,1.4414731193217967
-0.6788944703511695,0.2765094705705075,0.333624129202676,0.9363340435900269
0.34949871269247623,-0.11811641857698617,-1.1244436178188912,0.9761952642380866
1.5517153813006697,0.4074450461106774,-0.17174928508283555,1.2516210879375442
-0.05635702252137383,0.006003932632131904,0.6517758909196755,0.08425894398001658
1.5789008077635769,-1.3579627446646918,-1.498319565238728,0.19480041842592022
-2.696440678733019,0.9282566360465203,0.245889638532014,-0.634292919390857
0.8200152833345528,-0.566316958064518,0.14651982157019344,-0.32748664693724927
0.06918687972165312,-1.6323878995785253,0.08742311053621529,0.6205088984065442
-0.32525889648023654,-0.5004750819427102,1.0764844451002598,1.218815882345263
0.0740030461428845,1.4342902136608051,0.3785695028934202,-0.14779861941816044
-2.0505233787928496,0.7817655703688544,1.5143823313610014,-0.46392767926872386
-0.24419898207276086,-0.42076939343211256,-0.940377019036911,-0.005398228388240655
0.3451225817962518,-0.42137681261502064,0.1814130613277831,0.6056920545647296
1.4902655894708605,-0.3936698062338852,0.13030716635111053,-1.4748163154736238
-0.5492877066542667,2.012037343109041,-1.0155245742765295,-2.341915718412291
-0.8458194458906366,0.3120492410034628,0.9961735234316108,-0.5660145764671528
-0.5324155982357978,0.36030234130630634,2.355194389752991,-1.2478062251697812
0.915547223305845,0.9623771496718894,0.02952821150089521,-0.5228830685798054
0.31614464943114323,0.16846581167973632,0.547985574515174,-0.15627711551720527
-0.5610274408132586,-0.3308857563855419,0.13035850230657586,-0.46703984721657554
0.5046716572838867,-0.26800201167968074,-0.662286941962821,1.4717076404331804
0.07943538541248883,-0.1428724682789892,-1.761891305518583,0.3264728538304297
0.9699473940679615,-0.10838845968285578,-0.6545291707099415,0.2997471070838172
-0.7370653242851481,0.6587990032892608,-1.336021702254758,0.6270564469897808
-0.354536539098854,-0.018948038265070657,1.738866839621556,-1.1645077128830632
-0.4203833571611994,0.6638248378941888,-0.06790454193674272,1.0511872481702582
-1.5150784685406335,-0.15201562508312455,-0.29713582207265266,-0.08301283805028904
0.28280454641069647,0.007822769290164752,0.9294914803927293,0.6761666384650137
0.24697736143585755,-2.0753552884616413,-1.067662193663654,-1.0963709432258126
-0.014527657548467542,0.8480733753930071,-0.7152019675735847,-1.5866252172383282
-0.25943842842616277,0.27649401769188614,0.11402476050831205,0.8261307023393735
-1.4658877901868634,0.9300052500701964,1.068151910912017,0.37699844863498005
-0.44954081652757577,-2.9761524362543472,0.5446723444104945,-0.923622043234402
-0.3699160904073302,2.0236995696827393,0.29304500316431764,-0.8906721846615644
-0.8394679927238967,-0.21106845798576834,0.1240015321739139,1.1390064712401278
-0.18454371208067089,1.0405143992574735,0.44391689892008973,-1.2159631637661026
0.3930811272313678,-1.1141341175138475,0.24669192645155907,1.6652098667571935
1.9074321609155376,0.5435926218005109,-0.9765109805064776,-0.9221664232996378
0.15862021041290877,-1.1276850089080572,0.09218210885177532,0.6435217574178085
0.2433962971613108,-0.6967263637359191,-1.0199284171058276,-0.34024971836977275
-0.09581634868481988,1.8488238139538995,0.12694606547295098,0.6077070676423683
-1.980230278682454,-0.26231725626398017,-0.430943114321169,-0.5594804026523257
-0.04684244777409364,0.14704430860869527,2.5684344579991594,-0.17154991413274887
0.04178712472902214,0.8016721640650939,0.006796420296401363,0.03569308422615684
2.497031383565264,0.4261430324064798,-1.3482189046317437,-1.0254935881370153
-0.21629442322861725,0.07982569520430902,-0.0868446479940732,0.7477296259838996
0.2883495754761056,0.2950229551415013,0.5622251860892876,-0.5280443734928294
-0.05521853312986881,2.3397025131083686,1.7083389055422367,-0.23849754833978878
-1.2138329228724678,-0.12884730664868785,-0.5390035307838767,-1.0175196504502615
1.1479111827183341,0.13066060236470026,-1.5251887993016182,-2.612681616754823
0.7485249409542323,0.9828102998565462,0.8576691940647186,-0.20027416201683435
0.7884737172787828,1.0378494019610822,-1.3247397085341825,2.4484976548759603
-0.9489063471127568,1.1196026703210815,-0.38675486922663826,0.7922684009142643
1.4135334725509852,0.5696282034368575,-0.20944079613731845,-0.0255295558607464
-1.4520742444259398,-1.21754794389741,-0.02273928335379135,-0.2733828224742967
0.5798608778283014,1.5673671045557889,0.7308697081694219,0.0169199531254105
2.218315554239354,-1.220898625250239,-0.6325413653052715,0.5506669263910847
-1.0318190858272176,0.23250708994403124,-0.22543940555381542,-1.2072150394354373
-0.5983591537545401,-0.827631791322555,0.03224522523864195,1.127700759652605
0.08206514613538389,-0.13538676542492642,0.19499294832290273,0.721845595041008
-0.5341715648361178,0.25871382073748933,0.14357619177805192,0.7246986138119571
-1.6041212286549213,0.25128601210879564,0.4794422117079441,0.4401404475118594
0.05030101226880741,0.35215664899632626,0.8844870399852133,0.01402133255936308
-1.1051464250026908,1.547586620128842,0.4363671423336475,0.6785885201673109
0.4641342708686494,0.3838667368353526,0.49690174368133405,0.5961366383129767
-0.9591612880345548,-0.31595478890265805,-1.5249853925664543,-0.36611259409229474
1.5638718336950048,0.8959787155753204,0.0963022176803615,-0.5894792814026183
-0.82003050680108,1.1220503054485764,0.5226465045311778,0.09768641982723592
-0.3488141722635139,-1.3024092042645725,0.7703744387711949,1.5699337923007917
0.8114477320222666,0.528171838402809,-0.6411982509085328,-1.2665197071505963
-1.2773708953127403,0.6322614089284064,-0.6081145469546881,-1.4988970421353562
0.21265178875799565,-0.36952474936158736,-0.5237567864566842,0.16168128269556292
1.3158028141742955,1.3088553530778972,0.5791637113823742,0.045834393950962546
-1.6621760789749829,-0.2215663775135827,1.073229016379381,0.17041083619990072
0.16889483637149266,0.054907380353010384,-0.35825576349085236,0.24224627091589432
0.24577939828519862,-0.244652901102026,0.9481713503718426,-0.2330063306338422
0.7790644716768562,-0.05542593251725769,0.16905340477309935,1.5097517232517892
-1.283589584866515,-1.1706754158360677,-0.07701787598982761,-1.634587591969184
-1.3689105883761625,-1.5155010243781315,-0.16352071972667745,-0.8487926018845305
0.5135343324987526,1.5283217629247068,0.7879237741549304,-0.110979800720987
0.28368773127053554,-0.920600329985881,0.36976939730669495,-1.6776053425418083
0.23618535264892232,-1.0654723904474503,2.3066805499954617,-0.18483780586520385
0.33422641703602113,-2.231018630641066,-0.7999788476425744,1.6843328890415141
-0.7145581387980423,-0.7119655460346558,0.5609767385742013,0.015313172981709254
0.21754974951446368,-1.3981827627112124,-0.479164160207291,0.22876427834699883
0.27969049496120063,1.5759769448320016,-0.8169245135076476,-1.2879423870570272
-0.7496309673134695,0.9418482853745976,0.035625168802183936,-0.6329800641339154
1.8865771047167745,-0.7613043542765622,0.18283120896602542,-0.3876349521361059
0.46437998849090356,2.188261675414683,2.9446360818804225,-0.32915735242653893
-1.2369501740546873,0.9137110198303297,-0.1364685711557041,1.297923033732889
0.6510723303079213,-0.3968758993946559,-1.0760321893078526,0.5614221141956696
-1.0156198109147176,-2.5780908846090664,0.31756176976366274,-1.1366580616845203
0.784440573719994,2.2268860335424487,-2.01403494889615,0.24484207767627192
1.1640267872331926,-1.4648684589828191,-0.044909958120206574,0.5009220275649312
-0.8582730977516388,-1.721475974265601,0.06233368859897567,1.1539757657349374
0.9645640077369724,0.9546405738402607,0.835584627226932,1.602000668999363
0.402000955936124,2.376150298570271,1.0133822811424615,-1.0386240350796139
0.8201763657884796,1.3174475169022244,-0.4537080454944615,-0.8308473447575287
1.9182698000422458,0.49457861488604127,-0.10316607199193918,-1.2853106422655034
-0.2704741834128236,0.5255180307680197,-0.7144638424852869,-0.2440114353371017
-0.7898717885149067,0.7849691402230565,-1.0739304857548913,0.46850636950253144
-0.9286013578196278,0.6901936295846879,0.35419360585775417,0.9985125281606996
-0.8532951648550758,0.2109975634650848,-1.2184583436908447,-0.08320281184906249
-0.09852986920456712,0.03346675539298527,-0.3653735477948828,-0.3313267400159595
0.3288150623196474,-0.1338368279861289,-0.9419506283716796,0.14845305689758573
0.2629527455896299,-0.8273195796493316,0.592342257876242,-0.8555536709146367
0.8254108113371753,-0.35258474946718177,1.8355292986323368,2.1198211055597187
-0.006467757677591449,-1.769179272990425,-1.2462692877040102,-1.6414617597182883
1.4653761286682672,-0.16969248853293528,-1.79392891800807,0.1820073267332048
-0.2901617294114486,-1.0626625937872007,-0.07761487359470073,2.052745802996843
2.759543056462712,-1.178011982147197,0.06200844172481911,0.000982367152142846
0.6195147193802324,0.10939095189035007,0.26358203250630885,-0.19926829692217274
-0.8955411690220748,1.3252005887674876,-0.39685043071319637,-0.3695763194210946
-1.1139218969038434,0.8500683804352268,-0.1528492662361471,-0.18945372727520904
0.4732072726312606,-1.6463491090911695,0.4114152416856786,1.3907085530969643
-0.2480722792812446,-1.0637027900578557,1.0797340640762703,-2.2561351848422793
0.7097678929724608,0.8725915335911985,-1.8952614875324174,1.5540771840441476
0.4637717526701716,-1.0565402408258657,-0.31999851269531837,-1.4545737679900974
-0.0941641980665014,-0.2963716833394946,0.2587646891506724,-0.27720952012584593
-0.8849520601723889,0.4806792776776815,-0.8652806783410915,-0.4426198002563806
-1.5675265139157462,-1.0423541128433809,1.7657492961678023,0.592819254181168
-0.47597275336229605,0.034644743943413776,-0.5846467381527766,-1.6317597864445825
0.8552613916692263,-1.4091518593592045,0.005407679115294957,0.4642481107608744
0.19899506804476338,-0.6742566384811532,0.5986378207964361,2.053461399071578
-1.2925686719333005,0.24970592025136798,-0.5408233891471859,-1.3927370731761743
0.1571929604122445,-1.6689109278862906,-1.7875275589978936,0.18705898339701
0.373940455471063,0.37076729235439476,-0.3793052484473732,-0.679391573180293
-0.9228214028336357,-0.09075032323944304,1.0688188830285066,0.4273337193805594
0.1373142448412857,0.4831245777244164,-0.2881733303828225,0.013544325235923534
0.039721693683010775,0.15354536178558856,-0.7942281024340982,-0.6585410624114213
-1.187566394413933,1.2972536486444353,0.965760139940676,0.4903931779368567
0.3458120379804174,0.05455435475186148,-0.2820949518456062,1.8296873192387983
0.5532215917586611,-0.5017694026286401,-0.4602541673998016,-0.20014804237180547
1.0868404043263724,0.051618416747246834,0.1948520506081947,0.726298081289772
1.0569554468082805,0.4739045823008053,0.8118975495183092,-1.321624440058759
-1.427366931345149,-0.022043277123076167,2.411844555118189,-0.9789495112505788
-0.9779620573770577,-0.03033690598819331,0.8679971777252096,0.4746591005159501
0.5064779173812564,-0.7751879652078938,1.198326577856595,1.5039046940215306
0.5052014456912564,-0.7359778206588128,-0.4560882369428092,0.3558418136948508
0.5064906064226753,-1.4779410632318861,-0.9724348774047908,-0.3244195658272153
3.916722985946584,1.6838669964155786,0.10832309924481899,-0.006656214852713295
0.563547241817826,-1.318714264863428,0.15285504348408224,-1.2780162384113944
1.1404962649640389,-0.7660737271297584,-1.0247195108319522,0.6090579791636923
0.9549858788619984,-0.7916536723993867,-0.12767781348684382,0.8916910963769183
0.6457977629292538,0.8266047168470655,0.4430049244450956,-0.46586169823198753
-0.34187426249961356,-0.366902942268245,0.40434689474210744,-0.4841246697971763
0.7557140687724089,1.180499837318989,0.5472573537358781,0.26455132658516456
-0.8093757621788154,-0.7465998658997886,0.3353930067461837,-0.4502246847427291
-0.2617184055507133,0.20879359178347426,-0.4571235685261353,-0.07321422153536229
-0.5156657701166917,-0.9089505675201595,-0.4639684062819162,2.1301806749093957
0.06390151103437375,2.080647368809367,-1.1443345668592053,-0.25724270565758045
2.3452181955300144,-1.2622776285900654,1.8189881315309373,-0.37048655686517823
-1.9276047105720011,0.23971427703080792,0.0597763790881896,-0.6647009077931877
0.6814246203616009,0.5646597359662335,-0.17689744127883747,0.7511556227195975
-1.6675224532592363,0.34401019052578735,-0.8760226918450654,-0.19030064820470488
-0.5019421342997001,-0.25690604006750656,2.962000865219558,-0.666563881014314
1.0928679876743932,-0.20126969748553405,-1.0195702564992792,1.3382706971020546
0.04592496136032863,-0.027107292737115412,-0.3794973246107272,1.4382734735497764
-1.120923119323303,-0.21850346715643684,0.4594111948532143,-0.6167659731385217
-0.7506039577433383,0.8957700287400815,0.6425264974683665,-1.9048278010710162
0.6746173627372493,2.146220879522038,0.9977993818284704,1.0190414645799106
-0.7659942909518846,-0.6302467926754302,1.8416654570710147,-0.702431770089026
0.20141131625907696,-1.4450386002951148,0.5491143694681402,0.798394078839527
0.026810137374253435,-0.15960419653964616,-1.0023913086153482,-2.0101867274027247
-0.685515926841651,2.516534626420488,-0.2087700540927362,0.9021332818079422
2.1707930335216306,-0.8771813616865629,0.35214530243241077,-1.2381003642611605
0.6279457540124799,1.573069739225767,2.1005007992447395,0.73749502694262
-2.0889137598404726,1.6117715746170411,-1.3418288152810223,0.00858512290454217
0.17075486241627583,-0.6263313288449998,1.2407708696683146,-0.9764092743679706
-0.6959234515221376,0.499668068732457,0.22510204638758893,-0.42002676244311915
0.8512097381057908,1.5623168199194006,0.8785191569889693,0.692278993542398
-0.8294993919940031,-0.45133806556081346,-0.05487924933616094,0.10179457058256988
-0.13698263746078432,-0.2752546030279726,-0.7902537958945368,0.5886072017488518
0.49621152403379576,-0.6545097896969488,0.7921560479466233,2.00476265203583
0.8648211641291715,-1.0889081211734064,0.6963737972384763,-1.5972897608309673
-1.246138555628555,-0.7223128455026593,1.0118277013979373,1.6393081868097112
-0.3615242841791868,-1.2987304560339001,0.033204338903348105,0.10022938808571143
-0.5050210805337639,-0.03686500356078395,-0.5493022431444231,-0.9202979019127814
-0.6872823912054431,-0.8433771085819636,-1.5017094853774833,-1.35930712934663
1.7840762520068445,0.1634472856684711,0.8601881069849417,-0.19833372994838122
0.3940322146131613,-1.6316995514639785,0.46740877427086613,0.9316896236475103
-1.3080430461793064,0.26083810999337287,-0.9127602892527235,-0.13569525215950887
0.9180605200105102,0.7650218139213082,-0.4884727302235357,1.5314122577488123
2.1485315551426676,-2.0708766112816,-0.4171489633881518,-1.4822640812145849
1.0351548744777754,0.3041462983103541,-1.4264252861098121,-0.01823382241010379
-1.5721475624095418,1.16036545851156,-0.7656728129096655,-1.2800363669339525
-0.5145117446559333,-1.2843875413218075,-1.0796588455567409,0.3639993318122111
1.2746967267135287,1.6066274863316363,-0.36324034710617903,0.8963243637637557
-0.7428037746270026,0.3492460428603279,-0.6872280403013126,-0.43399014529667584
0.4337141163317871,-0.7782173560633784,-1.569460913782063,-2.6552877189947335
0.7717193957086552,-0.12699193865187336,2.0551770615447897,0.1964611526915125
-0.9668306824830358,0.48897936056726216,1.2903934230591283,0.43837314998197624
-0.08057147265487444,0.005184939580657925,-0.7272742284317142,0.4053670088013271
-3.331472448659595,0.4693486753673679,0.31697647889974534,1.2512665169253845
-1.066406201136526,-0.9945376751239744,0.46102831383556275,-1.095553461940882
-0.27781028551518255,0.09882545839525339,1.2293587962025136,0.686070870714915
-1.2946575127517832,-1.4890842133759243,-0.7665891337056893,1.2072417627935779
1.6481414672873511,-0.18261827531779928,1.1310565780480923,-1.815350965962003
-1.4809794836485273,-0.9777205241185452,-0.49774054825971803,0.3192569740980212
-0.4693616446387125,-0.8088286381688065,-1.2803093288888707,-0.5188540573837841
0.11383011978414839,1.1688153667806938,0.7656026592494397,-0.08887103403496549
1.45284883758916,1.0235901777499388,1.328349770535226,0.34776737972131067
-1.4868246047595417,0.5399457347898614,2.6166299621753817,-0.5016089762290321
1.1686942551229822,-1.1667009935854353,-1.1451031419884594,-0.6933553839349753
-0.009296772407556273,-0.3884272438627746,0.7405582266003639,0.028809038921361805
-1.0225951843813608,1.1457496686148123,-0.36058089050308895,-1.112026379626865
0.45239558820033193,0.0710971298040618,0.8244198291950304,-1.110580942921601
0.18363423634563514,2.2553596882549423,-1.4140158496138107,0.6852134396805307
-0.6330155748123667,0.323466387379631,-1.2077165327359232,-1.174641281638153
0.051567056004206385,0.12158303571772024,-0.7241511339140208,0.6719262766763183
-0.41344111303141795,-0.3811129903105454,0.1248420552466665,0.46467399354013417
0.09623252006881616,0.0628961532808551,-0.5902793415889426,-1.7616552665608263
0.6567706204355084,-0.22398799942826564,0.7009654982294529,-0.6952441368674902
1.6007385394623512,0.6392185240671611,1.0662903553492928,1.2088714187386378
-1.284473170022326,0.8885713124300398,0.6418954182188394,-1.0041072930157624
2.159645161335628,-0.8594422479416909,1.6541358104441706,-0.47838906355985455
-2.014271038968361,-1.4063507902146193,0.45940105782028623,0.4641344005858715
-0.17483658811155534,-1.9128652803131454,-1.162157163040557,0.791033584020771
0.5813527278193901,0.4384900615643773,1.4004712726938988,-0.26183411745147106
0.2673473028937749,-1.177788590996591,-0.5545999782680612,-0.61380210498316
-0.6559869047755703,-2.2305175845677376,0.9506107401925686,1.4410882883358764
-0.23239829931918574,0.3187126799742717,1.6093904780082318,1.763104463244295
-0.5234691647425571,2.4295600141920204,0.4999830150369915,0.9898891407958773
-0.6219275707018387,-0.07714200567404612,-1.439509576381229,0.08086161332809724
0.8483169599694875,0.7699987790083436,-0.8655151259683874,-0.8282106320127103
0.3450233859783302,0.011026691782625506,1.360117081830702,-0.8507737373938513
-0.7277230807196632,-0.17024419458444703,-0.12154817440122305,0.525635440818217
0.8994015002795931,0.8508305779116195,0.125447376625264,0.4197149283989191
0.29422678454383383,-0.3622135313720114,0.8000533087053153,1.4199569936925829
0.8107783941364268,0.19715631423443836,0.7379791615610579,0.6557889270957777
0.6235623213829671,0.2516276429409626,0.32331127684986666,-1.53506834928527
-0.8667664767012984,-0.7411832044100761,-0.16082343309633554,1.0642455603684227
-0.5921095107416285,0.9240192655686654,-0.2641123196360593,-1.0212952298508347
0.7437846698479846,-0.24654659882839242,0.8984502132403657,-0.3965619379007304
0.6038851365505784,-0.8291055877319302,0.5962020265029961,0.24860155789979294
-0.041108176595244676,0.46709566726522533,-0.2091225028290956,2.0243228149298886
0.1001253738898063,-0.9722642529652822,1.1211304526594132,3.157887060232571
1.2856842189423856,-0.042785338761647626,-0.08173374320303296,0.6113039783100087
-0.6241821663938234,-0.08019939893480231,-0.7994202253321552,-0.19230728186652446
0.5392369399838838,1.0181590881724056,-0.7073626058166764,0.5378348320024565
-0.22633981444727228,0.4050952980188804,-0.9256298800847915,0.8971057118115943
-0.24216502753620642,-0.09615594032238241,-0.2241291913733644,-0.33216105705241084
1.102907828175283,0.7492110159381391,1.2717056436857679,1.8203921991135856
0.8236055055897564,1.3234003707218975,-0.7531716730072139,0.22812320956610854
0.8114399858630553,0.4884611768000298,0.23360489214507013,0.5004350716139091
1.314102699152412,-0.06066832057317751,-0.6057806873110391,0.6715312983510858
0.00170812408741091,-1.3868948358460573,-0.21211096663671014,0.42295858209851295
0.677023778690603,-1.139418832137794,-1.4532970426249807,0.8475464164922003
-0.336763039353352,-0.3772093459160943,-0.17261212089637515,-0.6338872997304645
0.3114602370439504,-0.6824260683116986,-0.14596276371831407,-0.5739140690721739
-0.15272413163845286,-0.25859482564020275,0.5830112634918698,-1.1251584116376692
0.07935202772299871,-0.014229634113172927,0.26817203488324076,0.4411837140479858
0.5883412184699893,0.4602577602165044,-1.1437791183171393,0.7865023775065058
-0.8557579560309484,-0.14176662019750397,1.1232021194020176,0.45977204963031487
2.118115570476549,0.41693475388905094,0.25528290897095207,1.6975808700520312
-1.0476366415915048,-0.006381249993228363,0.24345482730601173,-0.01162835223906953
-1.2603327251746332,-2.052551745473585,0.03729843132693071,0.6743975356041982
1.1635315460681972,-1.0132564647448785,-0.4677988526010871,-1.1165585337928423
0.7891181742422276,-0.215580121196735,0.26273092573035595,-0.399744593130969
0.6179335512245194,-1.284441429533006,0.5187541926828727,0.7016580911748422
0.6222510939434899,0.5307082205002943,-1.6885318302911618,0.8578841567286432
-0.03226523252291537,1.464372841168711,-0.48865861438141683,-0.30499757953607426
-0.9365095366331118,1.1514311173599399,-0.20678556343785245,-0.07877561133014792
0.05770000018838673,-0.2851472317136219,0.3008368163903,-1.5501182071993918
-0.7116328977615647,1.4242259193871025,1.2315687310138277,-0.3691528830915822
0.976562873283301,0.07806889874044798,-0.7200453951045604,0.8998807290045332
-0.17000611203354568,-0.4091679097185824,-0.44813862126231396,0.5792396368492976
-0.8631926333711893,-0.6863284102747538,-0.4626112349820113,0.503408361536024
-0.3481238111110954,-0.37444591485358436,-0.7496284784844998,0.044701070194162536
0.4021547551681617,-0.46041477693273364,-0.2983943228241048,0.0012502452112454084
-0.5957300458605955,0.0998840796803882,0.8119492042228525,-0.6777017442806008
-0.8598446069260592,0.09001178239539713,-1.0002110162544662,0.705005790469429
0.22923178504227984,-0.06799723295149694,0.47130684708833603,0.4223342792709253
0.23053895308037217,0.3672199242679355,-1.6438460495946743,0.4946116129360871
-0.5377144568395021,1.1232296818920269,-0.5110813831651136,-0.5410878793197674
-0.5010291515226604,0.8814013021618797,-0.28081814738302596,-2.1966018907766856
0.2173415607464987,-1.5604850630014748,1.7098244040141597,1.1102341888313125
-1.4993124590962665,-2.632772782291785,-0.2265051202402638,-0.4930724260611051
-1.4578089550527173,0.8661205561150114,-2.139772627335882,-0.8836654903927001
-0.7538127325443071,-1.4421053890439988,-1.9388018302727943,0.6995635598001734
-0.23783894381446963,-0.29650433910226875,0.08021487308016144,-0.40474268592673296
0.29791325446037903,-1.24473883921931,0.6559916740388027,1.0723727950134272
1.4876725989369657,-1.878535829645663,0.4193063550958586,0.6217651008479129
0.8565496261811535,0.47206367687921447,0.2128421969268857,0.6894822093829913
-0.18316724776213175,0.6904208919952302,1.2007296627112756,-1.3955669947683802
-0.039181809398234534,-0.6493234869073675,-0.489483319327675,1.227015125738162
-1.0440728084844686,-2.6700072990792654,0.9352088451405676,0.2598434168295149
-0.03866780261439928,-0.6189651091198607,-1.5744366180984752,-0.3816131135680701
-0.31468524323195335,0.32194793048419645,-0.8523414984325893,0.13993846402729138
0.3099809753884504,-1.5544803822269682,-1.7482662370474076,-1.8129578418363133
-0.864964065203797,0.11286730418264737,-0.22654782213662675,0.4098006029873023
0.5108828745576218,-0.08640915691468973,0.00047312536034979327,-1.0531488184328694
1.5463025769622776,0.5100079687122137,0.1597392199641301,-1.382051294739119
-0.13087644252829422,0.04889298461994285,0.10787816606724632,-1.554681392317935
0.39069114860702986,-1.0470930263636449,-0.8747924122036135,1.1260391298410386
0.6853928407953183,1.1291730030611413,-0.14252192000093733,-0.64610567834544
-0.42969374313180836,-0.23006624112779875,-1.4407886250276796,1.5543762886802055
0.20921114032428934,-0.09844047629916472,1.400324743205739,-0.5510237833553846
-0.006886149555596272,-1.0071705014379733,-0.2551317816304736,-1.7428867250414137
0.08004694480065443,-0.5156884890012812,-0.43912495640938554,-1.1418123614339384
-0.8095643433330074,-0.9585572545913089,1.6244926053190272,1.2512964551853396
0.005290671073921438,-0.2445267526859172,-1.1873336355145607,-0.1645356805075274
0.4890706222374767,1.6458830923357999,-1.0714719728872837,-0.5637260322358472
1.4629336995769104,-1.4471431709595477,-1.0423060038418681,0.1568564641324997
0.9603694708719961,-1.6895414011854812,-0.020989261399613168,0.5045447374046673
2.1802322087609385,1.4046103910509071,0.47509797802199893,1.1308312162566867
-0.8037790471770495,-0.2810154588573309,0.7810353076958164,1.4676705537116561
0.8715293144766202,-0.7421684891012629,2.6008251291459854,-0.3719398105428969
0.16757490360201377,0.9720277640876034,-2.187632075403552,-1.354967248673114
2.2176486745878856,-0.678517506371318,0.6509908402437301,-0.4265670410885223
-0.8456198828908015,1.7605333756278394,-0.5069027310942387,0.2588565788584904
-0.8777264685496736,0.6089435473169182,-0.5359870494922726,-0.9863989815069234
-0.6321734274291172,-0.5604539332180658,-0.5691159224581877,-0.979676434329755
-2.1898134158121763,2.0928435853743155,-0.8561372012719455,0.34381137706450443
-0.5569352012731553,-0.6786171931316122,1.7194234720322228,-0.05543097519282047
-0.7953855850736279,0.6733090070008629,0.8829554033280502,0.027430123477866622
0.13391051513327307,0.22915399670393563,0.06945534919503614,-0.7775775809694139
0.3294321919680983,1.2346639553312806,1.3881950387414854,-0.24032956023466392
1.897199409492956,1.4952271406862998,-1.4557677838331553,-0.9461881039626282
0.9513301830414196,-0.03895067252063466,-1.2751873232414106,0.8996927743185972
-0.6091956123838047,-0.8267711915752184,-2.116656053535082,1.0472578480479042
-0.9376950570098429,0.390324237959321,-0.6482137123582226,-1.8841229516471423
0.4828593655133567,-0.7508375128168754,0.20701076969063903,-0.9515572978990708
-1.3686823263128127,1.9484831178435826,0.1485731885515732,-1.5284037541152533
1.8515154653954116,0.06589972387601305,0.1947386527969882,-0.6672260590029793
1.1853244101525386,-0.4374897149322354,-1.354989550654906,-0.09081952832973546
-0.49912601099278203,0.11419172242624233,0.8440804892674029,-1.4807070834038736
-1.7701238315674248,-1.4222926608083166,0.28440685620801376,-0.9437736361577361
1.3635481585955276,-1.0456336810528553,0.7744593989760439,-1.0272941821823878
-0.13678176799113545,1.1330271431731584,-1.8334008317641695,0.2049245306806945
1.2449694781910572,-0.7299528391755344,0.3557787707396127,0.06461093575841712
-1.6488367245533748,-1.1211605649116272,-1.1332249035461144,-0.7401826814241597
-0.632155421892829,0.4672390126334547,-0.348188228019862,0.17395034865671247
-0.014394583482716205,1.1182724696614375,0.5771287218966782,-0.5620909627228118
0.028249512196116305,0.6500962750814522,0.13688866976317607,-0.28229901381759437
-0.47960044758782844,0.9280368332210532,-0.7992988663851156,1.6965224948626805
0.6166360640472036,-0.8301587230523917,0.052648250851924316,1.3577597629236913
-1.1105787058738927,-1.4972051070682195,-1.4746441618760853,-1.3280420597537663
-0.16522653584173946,1.434865827423522,1.1888194678676782,0.8381787313189557
0.10315814074495107,-0.394717784401662,-0.15746222472322957,0.8195250546270387
0.5058685200388845,-0.322651558211827,1.1573189109742765,-1.1741013358687966
0.7073304227337798,1.2611975887573472,-0.4765130912307526,0.8270340794185538
-1.1688398028016178,0.4868760539825046,-0.4735776046167862,1.5586533682140713
-1.5872122502301989,0.38622739436511694,-0.7125430241646321,-1.1479370780111782
1.2856964042808288,2.1005612131323903,0.9166003482329522,-0.9393411248289383
0.3197849957217652,-0.7165359431838099,-0.6581618325194271,1.029365131779058
-0.7845080537345542,0.8596209851776604,0.6866054616983328,0.27026576794796076
1.5651158695605474,-0.013865324983264404,-0.33341906511423886,0.5550996085842601
0.09843670038455048,0.19835994344447633,-1.9160329964209524,0.34055726983861806
1.1851783665947684,1.462083465290593,-0.5199960730728,0.39153246782079454
0.04923381555163482,0.43833401586427073,-1.1246270776841107,-1.3553990477080233
2.0857885002979586,0.46888735750005367,0.0800888779459743,1.0595353995773236
1.7737430272930907,1.0047299750554304,-1.135849329016036,1.1839270161377702
-0.27412794525949524,-0.43711976686548026,0.9660609598791818,-0.239302084406574
0.9729369537612694,-0.9128249771414993,-0.04403505991570433,-0.05016586882299711
0.6396517113848741,-1.1190523578677019,-0.12996354014012426,-1.5635813421656763
1.3786281505790938,-2.0434139487045893,0.6978249163473746,0.5172329332678651
-1.0056494948345176,1.9914337624082374,1.0037334024296487,0.576037505930294
0.6812113529795453,-1.177629867314165,0.02645668299691828,-0.06920430467350538
1.061678355807848,-0.2929818366256673,-0.7195085762832717,1.1379063024949183
-1.8167200675435742,-0.34871117950355474,-1.7154206143283308,-0.3458030895454942
-1.2287303220948722,0.237292892769747,-0.6349403222140861,0.5684568338864967
-2.1033096051657165,0.7471757329094502,-0.5665735461955788,-1.0432733957471882
-0.2950149776120193,0.7920486231090689,0.15274335027211514,-0.02989571575112604
0.7133866391303085,-0.6559105789847975,-0.2963686564257063,-0.18331165747746017
1.515260329737208,-0.23868462032470625,0.7296466444610212,0.22327781873487496
0.05595305833639881,0.21239033022718556,-0.5623734899939623,-0.3818672327279551
1.6442632035499585,-0.3205031270961392,-0.010233107255154661,-0.13968673257679076
-1.4298518860122957,1.5412014877160665,1.222308925984752,0.8344296089501202
-1.7601597684223635,0.4214217221625134,0.38590568923260804,-0.4502699572742319
-0.07650735632316187,0.6660693801806432,-0.013208991857927134,-1.6403590457739603
0.3726613124588305,0.593853001861131,-0.5514101479375415,1.7739738923000101
-0.05315766912604042,1.1060048239466924,-0.5824831518521179,1.399463317005366
-2.1321327040635207,0.11052180228600304,-0.7983784768317915,-1.3205966665307822
-0.11080943217483366,-1.371844731790634,-0.4908892837099037,0.6957270889951962
-1.3525759766605747,0.3298559526076155,0.796916330715447,-0.5176281097601892
0.6644764264610257,-0.7243985440850589,-0.17395293098363446,0.262118869101887
0.35481443893670167,-0.6012835114402482,-1.2941248682294113,0.29338854199483577
-0.9800614661759315,0.517102085726024,1.8024959411599704,-0.24440610068454385
-0.54478869467104,1.1710119504473036,0.3641951527127585,-0.803285919447249
-1.1019890641261847,-0.049716019677454024,-1.35090424914274,-0.7084454552208499
-0.08379376422774501,0.2387235631995454,-0.39240942096312875,-0.9380074975287269
0.9561512272495323,1.6363605657373352,0.15654609658040078,-0.8521754203376466
-1.0269042498321563,0.17043582981216468,1.739353503968526,-0.07427802152464878
0.49525031194489233,2.5385755058464605,-1.0541168147689886,-0.7341015087992676
-0.5615356673238631,0.4961840281051639,1.0157842127485264,0.6879386534544466
-0.8298591390068598,-1.8371922818359239,1.436334254226835,1.5070890749310626
-0.129109054990689,0.6845895995748413,-0.5779373599250758,-0.59604257239919
-1.0774968217811571,0.31126980066830257,-0.2291978934574201,0.23761873152088067
-0.5854358007724005,1.222638809763719,-0.9828046187238706,0.5024107536444286
-1.2436674718384382,0.6041845385658425,-0.15565181177146922,0.47424809095101206
1.9876785373629675,-0.20993135192372508,0.01007823302688584,0.07133645310430954
0.016277786395513694,-1.2990895187182712,0.7015570791120862,0.7496199046772233
-0.7346871455193792,-0.28071412157776454,1.1291464173559707,0.4846723772091241
0.1988787603428954,-0.9241703045741856,-0.6965623359923035,-1.2650500138224596
-0.1345218963903957,-0.6533487909216233,-1.9074538319563337,0.8782857031299393
-0.24552490109427924,0.5193232336201208,0.025318492417199984,0.8967348038342313
0.6077640912366893,1.6039514567409396,0.33794821289484545,-0.7824513882763655
0.754220790637633,0.3248242116699464,0.2941300771370669,0.03266006907299143
-0.5617844899630849,-1.2705875710052232,-0.27802135180274445,0.6892377133759855
-0.6080866045641191,0.3749078283713066,0.17031699491617064,-0.21887716901190352
-0.30078253820496453,1.1292331712227481,1.551499672654584,1.085640508314071
-2.37170845348111,-0.6826975971344302,0.42554173319738164,2.3989098726190714
-1.5678778251506624,-0.20547897947757807,-0.3243972117506401,-0.8055447718495723
1.3768326636758967,-0.0563195058308794,-0.4503593012132685,-1.410917420662458
1.6609708055335892,-0.8583477684007021,-0.12227285668995473,0.3031493083162218
-0.2742013989759016,0.579207579419405,1.6719653685134417,0.7281339225397622
0.5693368613434349,-0.1923700516131439,-0.13562924412277086,-0.2408032910959166
0.2982632899890288,0.3497610453132519,0.02675900860529644,1.4725145164899867
3.1260517276581394,-0.9612549313752395,-0.432597353627109,-1.3677430305805063
1.1241579584801165,-0.5098467531160432,1.1378861271534926,0.6989935594982994
-0.15045029563681833,0.653534790718036,1.9928532119666107,-0.62229747144292
-0.9960625236209073,-0.44502425442680127,0.4939495963948259,1.7432443373887698
-1.6611166260907686,1.6611850498494551,0.12862486709343302,2.0211160427109935
0.18813390158285143,-0.4719091382985409,0.08294929226708803,-0.785880292066154
-0.7925432005054279,0.15431830668400515,-2.3215840932982705,-0.565017881627007
-1.4729203673190345,0.8643861965349555,0.7864732612367723,0.8685516816576775
-0.6803791855104226,-1.493749653217564,0.17966693294284353,-0.39977607685215644
-1.124809012696735,-1.837238475295702,0.4718308943078723,-0.05213366337692631
1.704061428056459,-1.60136787581115,-0.660178980352767,0.01989313667575746
0.8810509970013181,1.195387192247948,-0.33540983909535643,-1.9588819573267167
-0.027898197598884344,-0.6245959497115757,-0.36179621518471683,-0.02001293236699234
1.4923602448834596,2.4949588876434645,1.0610547703965327,-0.7076180805150996
0.05929773961899986,-0.6370232370384399,-0.32975175503972765,-0.507605398981847
-0.8997575115286057,0.11406232581365665,2.114836373316045,1.462718964240105
1.536478751200986,1.4757666495543167,0.47433402752396686,-1.2842211147295373
0.530871640862872,1.9411664831668802,-1.2205411143271427,0.8213650356877631
-1.0795442093868226,1.9967463832440673,-0.08124925721754825,-0.2897334993844098
-0.21422817969543748,1.1410037504008146,-0.600800752809919,-0.29054455598119194
-0.9144031314609518,0.9561372241561121,-2.132958541587328,0.798135978323104
-1.4326088089679558,0.5232838363555413,1.6349512050753365,0.34001002427290894
0.9265568700735226,0.7096854583441802,0.7447522064025225,0.5745680250538068
1.9311678482566055,-0.6239214667011983,0.5759790570914074,0.9790307499635635
-1.448719384867518,-0.8917500310846127,0.2106905663186659,-0.34298624964461355
0.5554537893896682,-0.07443731718942645,-1.3261488686593783,-0.6287838981343009
-0.6845373298893999,-0.24175688248766616,-0.4338920079995241,-1.109894647793594
-0.5174659016771287,-0.525664659335284,0.8824423834584484,-0.8456526092418308
-0.6250225805939608,0.6274615008755684,-0.9976134361181114,2.9942753843130547
-0.9025229104012709,0.8871699377562182,-2.468038221717754,1.2603181232068867
0.029824042609102343,0.017624305795887852,-0.17913498681100368,-1.3804277132214193
-0.8687640787614955,1.4109895658488745,-0.09437017488707973,-1.3513152989898158
0.25658326912028445,-1.2162281271517337,0.1810543801964874,0.4842828496441806
-0.07108235655769926,-0.26530340603780406,0.7699547772634855,0.5508151336858572
-0.2638941316215434,-0.7900638873726927,0.6796636389205511,0.5524622342142094
-0.947042912028763,-1.9432891489815098,0.3034182417271298,-0.26531024980562035
-0.6090604110445305,-0.1539857287480161,1.2337739294430825,-0.13356408182315088
0.7520583020838406,-0.19317185245101606,-1.462164554854873,0.3276272820377415
0.4920529643427832,1.4470189184885056,0.5475493046228036,0.0814464410999384
-1.0185558460882753,0.561685484555725,0.6686718730156767,-2.2637025762131797
0.08173915133122989,-1.0983670121641067,-1.1846677438450575,-0.23971805809415814
0.7479671656431577,1.7887019870400207,-1.4461754743525848,-0.8720990973906726
-1.7254440757548644,1.153709898880674,-0.6944231272097657,0.1723129989674668
0.5354185188968404,0.512822742086079,-0.6105996039058976,3.031066797855749
-0.6967789452964258,-0.2982282845677803,0.7946853169534521,0.3679158424824558
0.5632490561784746,-1.033421700198872,-0.5639183652900261,-0.32489939662683087
-0.7996017743982372,-0.44439596559663613,-0.804074522461076,0.9318436377257939
-1.8638656470490076,1.0210208546205772,-0.5610331839954368,0.48511891973682086
-1.6826712932270895,1.8192888475636222,1.1574007374629407,0.42144059919743254
0.029377869532311772,1.4769036869401897,0.05937217198390401,0.6114337229222855
0.24561562160723338,-0.5613948113382753,-0.1316072530747243,2.086254047627778
-0.9437252968351721,-1.1940890444298928,-0.06283525094194833,-1.1564253262072797
0.6327207732388664,0.0702639264086993,1.3296427778334088,0.47590614607177
-1.7173874621789793,-1.8448923308474028,-0.6976306422304815,-0.9483733204526607
-0.08726838393980114,0.2531020396933494,1.3529303893242224,0.5592059416195411
-1.257091355933508,-0.21910588587516916,0.2554748461015736,-0.9405453320646764
-0.6857568115696533,-0.5385122259678894,-0.11290438689194378,-0.43053632044131035
0.02867667716662693,-1.6706254815366361,2.5302164802038507,-0.30614001035371763
-0.8988677468146152,0.44411596915490453,-1.002002674359638,0.9867950943285161
-0.41266658321303323,-0.6053801414388108,-0.30484914309234284,0.9284385655385066
1.0084135334065625,-1.2445420497496755,-1.1775854614592236,-1.2732445834879067
-0.6091835700586256,-2.95208600169103,0.9923667034532214,0.049950939015502495
0.8341046247466479,-0.09865148424823235,1.72405567638076,-0.7278142549156255
-1.1740146543378884,1.7066110937273453,1.704921272652291,-1.2862537625023622
0.521567848139946,1.5952797661948832,1.261996966870154,-0.226713919026267
1.4531505885685936,-0.5295446792166656,-0.14985107900264177,-0.31976502164201426
-2.5451209298695185,-0.6751036335467729,-0.31632534249485045,2.462843131659561
-0.8339689944253543,0.39915323074042397,-1.613323751094319,0.4345289274015758
0.5698632231805824,-1.072486835479908,2.068369530390731,-1.4074309167111707
-0.22721108324783104,0.23166094846814353,0.512189038783303,-0.5804985020281073
0.3594609143641125,0.6973671578078364,-0.44217474315460326,1.0331514703700755
-0.6368657931136614,1.1596274430531803,1.3653931757787345,2.1187061607863273
0.06871965940850233,-0.17151247913348577,-0.9196944286459537,-1.6194083076257733
-0.17881332882380646,-0.2753482782945564,0.4502594067484643,-1.9184442256227103
1.1734129491441387,-0.9517163002083897,-0.12503064475773382,1.8974590503714115
0.24019872525940686,-0.9004580129326369,0.6807276404658701,0.39043197453319795
0.3251886009933381,-0.29822306171864277,-0.016720808998865997,-0.8892780831627125
-0.4405818690982707,0.29743480229911856,-1.3945879587959535,0.5379604091740717
-0.51795719362782,0.8453219502796139,0.12147754831173392,-2.687368174357287
-0.4617126220437283,-0.8766842308950573,1.0881096438729272,-0.002501324446796855
0.3832737731825446,1.4261943443165803,0.017401378540213373,0.32756791932515555
-0.44988734659106083,-0.3430041056151076,0.8162326127321768,0.9343550638828909
0.2763212008969724,-0.09248510014560876,-0.9919618058906764,-1.0374050266032158
2.100759871910841,-0.8205460480849659,0.020336779637671755,0.08123702832536372
0.8703073861380116,-2.5026958918600983,-0.5738218469982853,-0.9474002375638172
-0.352862307411835,0.8156925143391596,0.7882907230580101,0.25387495315816216
1.2075714913794446,0.6680414952777881,0.07769420486960031,-0.916800590264036
-0.43669764379519477,-0.3532392222444366,0.7317727098803533,-0.42110973998112244
-2.1021778866386347,-0.0038572633650304296,1.1266902840174364,-1.0190110809826296
-1.0497505416805428,0.4464622234009918,0.733307044120448,0.6564869693259794
-1.931208096693873,-1.638370070372984,0.31766874995871713,0.8673952078319007
-0.3789063140724252,-0.6017208384678602,-0.9449681500619168,-0.24462255823611254
-0.000933536494212862,0.7256376277756991,0.04365093435642548,0.03296543121397366
1.693124433918008,-1.3291722918399904,-0.48302695542148594,-1.479635012863041
0.31428127244063725,0.22340183615678647,-0.29529313739844804,-0.3108062454247395
-0.2436152038678594,-1.4317770508877175,-0.32555496586764965,-0.057010145893948226
0.8276814485489636,0.39680179822210276,-0.9268065169116141,2.6602836426801946
-2.278949257897033,-0.10680287820780346,-1.8975356477862637,-1.1371759541502886
0.22098366282030865,-1.6911166149125973,-0.6171560656867658,1.4836203076041499
0.7678686154674227,1.0972436477391856,0.23847504994061774,1.0082018678309093
-1.5304773589845817,-0.8078874068220617,-1.2925397584316891,0.2795653030842976
1.1488626527868144,-0.8837793180424462,0.06199298863975677,1.7831671022386761
0.3261017730450697,0.13012913484124297,1.9336917335075912,0.3726197935052883
-0.44406695793244433,1.0810924708612624,1.0624785383271802,0.3899691066873467
0.6267838803416544,-1.0899764619955463,1.6787204045037234,-0.05997672516893446
2.300296839055557,-0.009184348919153618,0.43487120378936855,1.2388415157058603
0.16606707570471627,0.35907345312683236,1.2059439853599596,1.1095388642479114
0.2338636982091475,0.624169638690842,-0.6725960201298556,-0.6424574146035142
-0.4890979229669705,0.10592781257404606,-0.5935160559159868,-1.3480488850927557
-0.8880690211490518,-0.4392012133169896,-2.6739910387486274,-0.21243421454673023
0.8286319036950431,-0.9011700473121549,1.2244521994793813,-0.8198408744471273
-0.8944440996895932,0.01535439185483743,1.576208711864257,-0.07056097668255741
0.05336955420585894,-1.1464656348606717,-0.5029764380688733,1.2529511620448874
-0.5077921676699734,-3.001324176281066,-0.20579710538614565,-0.4711633477045691
0.4696387674975981,0.3668404032370748,-0.7022889548519357,-0.049500972096838416
0.3211623914599059,0.8356426968904492,0.42645482866122947,0.053093097567283955
1.0403398625434694,-2.441200847020476,1.1636578656198424,0.8572012938676505
-0.5408544805348828,-1.0838667468538818,-1.6844363122128034,-2.291769733581437
-0.29549325319625114,0.5499924618944243,0.45305664300513754,-0.6231514959508317
-1.0197905846435429,1.992726036475325,-0.22836180315414306,0.20901050869368187
-0.47370277022163454,-0.05019534804118652,0.15903695509698734,1.2149444416654742
0.3657493121047923,-0.8012786510634053,0.5022732368284971,-0.5063638714777235
0.753690414115734,-0.25450752006114863,-0.14049745367338065,-1.9150141056191923
-0.9619619588678532,1.308022423080154,-0.056460498531880024,0.6245174912793297
0.8687555902281743,-0.7189893612975916,-0.16599462358172593,-0.6523103866238966
1.365352018168881,-0.8726851116475735,1.0100988413839738,-1.216222345821293
0.4026691471851433,-0.5552702657097855,0.46231432937707573,-0.6411024311972041
1.8978379673830323,-1.0272924112689945,0.2654931049387933,-0.1936590516733855
-0.8103607001097409,0.051992368195482974,-1.215842527197104,-0.6211619690213463
-1.2914610328489584,1.5585873008339044,-0.3295728931897981,-2.2497302053312755
-1.8371351359488144,0.2530133285457526,0.9389417468349923,0.9066795985816372
1.5088103741144052,-0.32417668709938774,0.0838567837514267,1.2910369580174825
0.6488368202516326,-0.36375494890559623,0.7014393611571058,0.6568794049915714
-0.07654513196822153,-1.639016991718772,1.800849782928307,-1.163340376960751
0.26630182009469094,0.8147540379576635,1.0779217194051425,-0.21091930064847253
-1.169705167858571,-0.14912744900834,0.13893928186934532,-0.012569686690173646
2.4791610816054184,-0.2520836130232691,-0.4610768593607954,0.6032378820641304
0.11227769858725324,3.1318060348509325,-2.489669560542744,0.6739894153528103
0.0920203608217028,0.22861267662785068,-0.12081545630738305,-0.7528344828048011
0.7217897737737129,-0.8251394033863537,-0.27736511855592805,0.07748143719238222
0.47171228506998847,-0.4987121499805756,0.43411472989693106,0.4592710523173664
0.20899815171763517,1.08090024540376,-0.10643477790442007,1.4751205762385864
-0.8274086305826993,0.04256375757190159,-0.27177616450472164,0.7107823282528671
0.46196402807513676,-1.5137227060560543,-1.7208128012202646,0.7967979732938614
1.9031803030388847,0.8509834950514187,-0.8871220159691343,0.07934424644949369
1.354912109061418,-0.7412370000855943,0.519809531100399,1.4289711248311925
1.608064194418039,1.8079658452524334,1.7505916622976774,0.41092982669296657
-0.5420798258530568,1.0122937311243048,-0.05044047926813991,-0.8819483811559948
-1.0308673335754284,-0.5197404696210249,0.37198738232232714,1.4217590739379249
-0.14827331154846835,1.213875738467182,0.9923827791816218,0.7040646073332675
0.03718389900903122,-0.0029898291810665154,-0.7589307743118047,-0.45665858789979835
1.0982228269155385,0.7843252963987314,0.4107236364272617,-0.4937392993516676
-1.7490046470473422,0.4151605257646772,-0.6890083898391299,0.295780714933686
1.543044675501458,-0.9199937900629725,0.9053284667354322,0.465277783059382
-0.18119465178058347,-0.7165676416262354,0.19678569493195558,0.1947765703380883
-0.45591210518082836,0.9620535279631013,0.34282889135785927,0.31076921076827274
-1.0538559434884822,-0.4068502145427466,-0.7308289287050717,1.7234871920299324
-1.7105792349644178,-0.47593366850635427,0.7486154238956091,1.0841807419121003
0.8213109261574922,-1.0290918607380277,2.116874936064562,0.1880045166395299
0.05515936013436532,0.3538400855344614,-0.9546012589217008,0.9516908650211591
-1.3377520139946595,1.997770844798103,-0.29101762705132594,-1.056355853865915
-1.3429811294327163,-1.1418454711578099,0.2764416559331949,0.39888893312490836
-0.3628356452513853,-0.046759137588029,0.8274464908125935,1.834731499758986
1.6855474558753352,1.3454805998189885,-0.5093019243441897,-0.2277605968397714
-0.2849861431910601,-0.1509371528387894,-2.767239070344185,-0.8682612033650455
-1.5555678359166192,0.3827006815452711,1.3963128855857838,-0.6693268047905152
-0.27083684671974645,-1.1366903905378656,0.8017235120644212,-1.1144548533959335
-0.29840380614941736,0.3585624944029973,-1.6846106683024953,-0.8042994297401355
-2.775258981789781,-0.25876831584584836,-0.5569960365598553,-0.3828654089814498
-0.07522729212452317,0.917687635223576,1.6038766559932327,-1.43586488076092
-0.2557064315331038,1.1199595026925815,1.4843138855175106,0.009953706352685067
0.6915869868744933,2.526419023581919,0.9786392747885478,0.9119808967140411
1.8693931199963496,0.5103506857179564,-0.1284901244358652,-0.9294255466132554
1.1313000152247403,0.2557386692427051,0.12883791519361423,1.5396821500034061
-0.294485571241141,0.12392535192747765,-0.08361249717813961,0.5137102477804558
-1.1503298426587354,-0.4252973370447379,1.1669424875645074,1.0425081760842496
2.6095426148911556,0.26846494093448897,-0.8234351048202171,-0.6751720589712031
0.04075335663481054,-0.36735605360123846,-0.7538713294284818,0.8634012712720036
-0.005520199486445766,0.097922862699023,1.049783977369469,-1.1167955970301109
-0.04440173624485785,1.2505686228985473,0.0023598958964598194,0.8997427148963605
0.1826381101584575,-1.0806688715731816,1.4154589182865707,0.16888247201267836
-0.16725052057512924,1.072306935220561,-0.620502184883839,0.5569053182323002
-0.60588350246327,1.2500846812824449,-0.007985774583567421,-1.2019063831535761
-0.5784978399279483,-0.18948163628904874,-0.8696872176743564,-0.9165193179816897
-0.053217463296710406,-2.1993871146957584,0.0537303255459769,0.6016445644975755
-0.5749890240002219,-0.6807306917156848,-1.4220181362300177,-0.9707209438720262
-0.7480926051675638,1.2299027170239987,-0.4378808246973417,0.4652996524929039
0.08899135547829809,-0.09399045109895462,-1.380014278607536,-1.3967695791423798
-0.28027171549286767,-1.0734064282634963,0.7355959421525765,0.8569401755069375
1.5169318252726398,-0.5773689436218965,0.7581070501554141,-1.2598218307333797
-2.7283440895705957,0.7721345333112056,-1.6720126112879414,0.5559375474657986
1.095479805907992,0.4773506128185429,1.3711821725839375,0.6305395807238203
1.2534180927869623,-0.3107142982404396,2.526754942848304,-0.7147842184502627
-2.1382101262487927,-0.43899716482789064,0.09210977202482645,0.5861794249462253
-0.3698885827691288,-0.46400704400155357,-0.5903121096531538,0.2590211393193725
-0.3992668416609822,-0.9962795696970782,2.851434848010812,-0.5541168752627177
-1.457857917000285,1.5492561232998125,-1.2635309493116802,-1.0319711788303478
-0.8144757309073453,-0.39435731733800866,0.06638696464116614,-2.00257898390851
-1.1544678096326446,1.1498228902814585,0.22481194693139833,0.3497751510248521
1.7706058894548715,1.4549092490807312,1.3823670349947077,-1.5978606469943897
0.9362642280053048,0.9303069568973082,0.4036969499971826,0.09106145063663873
1.2794416142732727,-0.5039909376285494,-0.4488060745329014,-0.27394987046760916
0.717606213731032,0.33391043496054956,-0.8982618546733471,0.6849789368032628
-1.1733453318703768,-0.09532204920774842,-0.29306633343399485,-0.313216155924313
-0.5556736069772099,-0.9775141149764714,-0.9536236556534786,-0.34109340330826005
0.4802594450673274,0.2542972460055568,0.09391626658875102,0.738620792472317
-1.2684444892628615,-1.2536928646236072,-0.5139200213505771,0.33493021112088966
0.7087440479872433,1.1202537353733484,-1.4374030607634742,0.31570051189146886
-0.2653014213015603,-0.5370886874710952,1.2929806661343812,0.471466009943038
-0.40272025031301534,0.13072139660911064,-0.44785127636549826,-1.5681233475472922
0.7066612775936857,0.21310041311441696,-1.213046860436391,0.7639706684326237
0.4341676480103061,-0.3307481653765696,-0.12069052850320762,0.6171493033157266
-0.3885644612671637,0.517432875527389,0.11432201053432889,-1.0402405126768943
1.164776970840244,-0.54740645898963,-1.688105797938823,-0.25424642932085995
-1.124313801665639,0.8029054856499521,0.37579773993903204,-0.04592393438596652
0.6095714474583113,-1.421142550042233,-0.9935787555200684,-0.14276333920466192
0.5862407664209298,0.055712958991667706,1.7457462034038238,0.3337113827325018
-0.3360270651107478,1.8737974908730783,0.5667954840800837,1.4502411509979962
0.31346965473207294,-1.0744386631872755,-0.3507473449677621,1.0945815213476615
-1.298060297303878,-0.7508672039836272,-0.6936540663629698,-1.3408990684304458
0.9243595974269768,0.44442465202128095,-0.057831909938138124,0.6269169159832718
-0.20867346827810176,0.1090776287721607,0.6550182621873352,1.3460322218786251
-0.5538372959164591,0.2806482886402739,0.021098201607787463,0.3875776877432773
1.0520584427635582,0.41962844107300906,-0.16925580851680327,1.1039549187663833
-0.7394057098263512,0.5656072081510051,0.10438912751434383,2.041213547875243
-1.4588281593808627,1.0420360571250677,-0.5533115453086592,1.035518041669542
-1.6102166437061871,0.34001759464563697,-0.29444097503802585,0.2476944931108697
0.5994300457873895,-0.3130469554050221,-2.025111086331474,1.0572675280224575
-1.3280132870970642,0.6035750328739529,1.013485551506545,0.1414638181073684
1.7731844845111444,1.83463118588517,0.34317249186237575,0.018382013553797098
-2.146934910982236,-0.20409133453731348,-0.7217486965851189,-0.3634405944872801
1.7135786282128895,-1.0485578497705401,1.9321687767576838,1.584576475361164
0.19585192453513495,1.0394088861000852,0.13283942467655085,-0.8385497293992344
-0.11856754910017951,-0.19180133551719247,-0.9826400762701657,1.55299273098203
-0.5765158204253673,-2.250356938039106,0.8972967514948323,0.5025928699001446
0.3880595569254306,0.7789569546462586,0.4417442197241358,-1.4294955179252176
-0.05820499931057297,-0.6080155110469336,0.4382997056454621,0.3680863754670707
1.10753121517924,-0.16186230524739398,-0.37642615000137175,-2.142361351626982
0.09695826277925836,0.26194156779730254,0.49383307305429525,0.6304145334065547
0.13381648984448408,0.12002886738056527,-0.21355030512787518,0.8946397550176434
-0.39126802266546995,0.6405657661620898,0.5985577270793394,-0.6085585281411529
-0.07793566672640036,-0.507868801538931,-1.845499801624596,0.11975379494779752
0.29473994952447297,0.44362015125621956,-0.3844884956456439,1.9820932701111815
-1.7670932225873315,-0.3313918288736449,1.7567964066657458,-0.5204480890628195
-1.3972421164398252,0.6700140845710653,-0.7154039939318184,-1.0831968425932998
0.7396675724732031,0.5461941209493498,-0.5532910526654659,1.5014095568768182
0.1548271427761061,-1.0093478733631243,-0.3984800334201794,1.9906691388472888
-0.2077346969618359,1.0182459028208608,-1.1600808846499915,-0.0021756098105095165
-0.0009176445361556735,-0.6086527101435907,-2.1467618066371963,1.0230592636808842
0.3353845507977631,0.739472867472316,-0.18259157745502574,1.3587922171747995
-0.5712442680149512,0.29735637009943344,0.18134836366207271,-0.7612889603087911
-0.8149743768080816,1.7727445153821313,-0.0057280283278884035,-0.49965292105834774
0.1803499261367701,-0.29520095145070085,-0.09746984029104616,1.246273774056682
-1.0193911489646161,-0.42143608486766293,0.08916453534770323,1.708285089287153
0.39737435946186533,-0.09053146388873677,1.062264925441396,0.5667018678116019
-1.759343569662186,-0.37515817967195497,-0.14272585732163293,-0.9009994076637302
1.0317733126075552,0.7313321870375531,-0.5237388120219931,2.0155672635340474
0.46311769624924876,-1.6922990072071082,-0.23278506031377577,-0.5461094905114809
0.24184258745490908,-1.1279526797980088,0.621802981712508,-0.3468820221253149
0.9842986940550676,-1.1421163030234944,1.4487889499137707,0.3423361965137734
1.6819232749770026,0.8821570595784695,-0.5774302854434415,1.5751631571855953
1.0166663580880257,1.6447846405667557,0.14467523670662247,0.8628425006648184
-1.9006401100011812,-0.17582073757485328,0.3824616310211326,0.41612097565415995
-1.3271423737059291,-0.24038982116914398,-0.9393724272142296,0.46538331593353216
-0.6581520229243547,-0.0007864685194891871,0.06669554031009149,0.0383335648447173
0.006905909267583094,1.094373858890645,-1.4092330870815575,0.5618783409844592
0.5091587010771399,-1.001237614029708,-1.7105349418910254,-2.5793399751330517
-0.7612709898620821,0.16804435226548198,0.41065646354795693,-0.30768385860679637
0.17107410359443062,0.9071231058837941,-0.3348316823047744,0.23956940056070875
-0.7915543509954021,0.43157184224796397,0.2473151378675122,-1.1768998099306986
-0.6445621398718254,0.11910800064475782,0.028645387594944196,0.3870840749027899
-1.4569888303620961,0.9330505039761735,-0.9233050995429234,-0.2139506342424417
-0.9630530933698467,-2.782539902598537,0.0014731550321759649,1.7799678081654067
-1.4008173589161401,0.6088928411348682,-1.178250945171307,1.5943493477315607
-1.0168372941501498,-0.7271256359829555,1.4278784073627018,-0.47981465905020826
1.056791708036605,-1.9072757869952845,-1.3002797646252309,-0.159387501685487
-0.9897874778319352,0.4417111406706772,-0.14802843187694228,-0.08116462811893066
2.66984779638147,1.3068008299856502,-0.9887261868787436,-0.4654233735718756
0.48428849795439194,-0.20892080598609764,0.6129384315198093,0.19246999021696776
0.16910149801084323,0.884731853703418,-0.2827469379023898,-0.7773606186463791
-0.8967674810952875,1.5461492329699948,-0.46870190708536297,-1.156147492202861
0.695779696299346,1.2478773473543165,0.893785054604568,0.627569264001892
-0.6079022686329071,1.5739200519085477,0.07564732790477698,0.6345058061389357
0.10490958350789546,0.6733412241477371,0.5595294476942692,-0.8241922058180859
2.5959787960458214,0.00461144106812408,-0.9281973024957847,0.904939179954603
-0.11790013860215476,-1.677910404932016,-1.3487923339923036,-0.6484601279150566
1.154501904127033,-0.31786646178168426,0.15289283008776058,0.251617982223728
-0.7382130724905632,-0.9168742329756479,-0.27024798274489137,0.8286275979582731
-0.05550126878109394,2.1065197262716557,0.668568891206295,-0.04013050551777606
1.7895388576999303,-0.24747548252824894,-0.03294401876695361,0.4566875431270859
-0.6603472028174475,0.05252849119809391,0.2500909567855157,-0.5313161947900267
1.832092047786948,0.48211693159458224,-1.5658632940008932,-0.2058072532689292
0.7033835143922663,-0.02731695666028202,1.9219411565376212,-0.2153629058110012
-0.5944449296557256,1.62917478460395,-0.11670084968546998,-0.765454037093895
0.6264016211890919,-0.6956033457747894,0.7392346254166162,-0.185773506615033
0.9739418299611604,0.12414918704774641,-0.783956197633862,-1.5813956509900495
0.6155734889142703,-0.8157904764175387,0.3523216181272203,-0.5056021939806875
-1.6241077056384552,-1.3951061137444636,-1.2475174741303061,-0.29574854416291585
-0.7626946389483878,-0.6846898490809917,0.49539443688103385,-0.26655542347973177
-0.2726510123684286,-0.10820245393162126,-0.30712181956577067,-0.2516186302086612
-0.09580359060597987,-0.5016657705152996,0.07540888196463992,-0.06877008956442794
0.6144108913895379,-0.7655880305166536,0.739619038360681,0.48181628168996166
0.16181128476720047,-1.4816645912910171,-1.1776937876435907,0.8837396346072273
-1.3841219370740696,-0.15441191304131255,-0.6333929501076462,-0.6669628672974975
0.3687096476288407,-1.5803680016864687,0.5006149343597006,-1.2299911287090086
0.6041053001148641,0.6913244462301983,2.130291113286482,-1.066041380408558
0.5522059058300277,0.011638950174752593,-0.0907200879242497,-0.5015828888447976
1.0845205342721302,-1.5330550841396882,0.6335117202285026,-0.36395646578286694
0.832296195073234,-0.38120588597641336,-0.05982196982316539,-0.7892776532560624
0.4494086496554231,-0.8255058745940751,1.9753818497477607,-1.3245174360565102
-0.09144310898444319,0.24909664159455183,-1.6888555767784212,-0.4699620529496529
-1.7168161800895223,1.2734913208879408,0.14039198634994127,0.17863592750435617
0.41920422694573634,-1.951951373477564,-1.5680100165229078,0.5994077013698019
0.192449767718295,0.044324787592909275,-2.4430127867809497,-0.5730201378190295
0.2577296688045391,-0.23167435954330798,0.34184589881651634,-0.42609160177861766
-1.3242525043093556,0.6023376409131622,0.18496185529905243,-0.9486959969413844
-1.1243068669462242,0.14279512714116505,-0.23647113298771613,-0.03791944000757555
1.0562921369910292,-0.8253182294614507,-0.05904990599271579,-0.8690696834724156
-0.06016719406596244,-0.3910808085451449,3.123530198710357,0.5771264300776815
0.6765616740501459,-0.8695092931015764,-0.20999165575469533,-1.8227560383211008
0.009181648797184984,1.0082404639388347,0.5530539495707208,-0.3717984283982238
0.010650663679900819,-0.049675825371023996,-0.5985062489039529,0.3003910580233156
0.9389262726178983,1.835943933369473,0.3396316666706174,0.18108555948689467
-0.5470138428927195,-0.1318986130548954,-0.19018655930248374,2.7337763527518946
0.07845781640546412,-0.7816226344994968,-0.3612932247148703,0.3499277278309322
-0.49207565988841734,-1.5893894859489357,1.8528782764652665,-1.0273930921279242
-0.4636927872802931,-1.8796986083720086,1.215552963650083,-0.10305425563957396
-0.3356446130599219,-1.6600260876888675,0.18222951984406974,-1.812969134809251
0.20720985522412622,0.19688983989964645,-2.242036956371514,-0.0879321133032998
-0.5089070605682356,0.43922599842291776,-0.31212252643602073,-0.853430655259594
1.2632992352344996,-1.6570718526215762,2.7309613328714586,0.9253212862959678
-0.9338049301299088,0.8267190019167433,-0.18266633086207693,-0.5650007280588605
-0.21068578561749648,-0.5555887648738416,1.1420913867618598,-0.12472514359527224
-0.4690414034718475,0.07618872939587386,1.4784999007732493,-0.6525092269585993
1.458677429122177,1.546091427248717,0.26388455858410226,1.763055313914956
0.18107486985267032,0.8285255035547022,-0.7896469758507944,-0.33274616645496796
1.034520661275352,-0.3404032341911086,-2.372240843000181,1.8583851949700942
-1.5376030772926514,-0.9649662780896215,0.7259026599464075,0.8223280179345586
0.2531026635294491,-2.2294391095546624,-0.7627664308066195,0.4844869933739646
0.8892157305199789,-0.792402004350305,0.22136386768126262,0.369189016109227
0.0643202695041667,-0.28282753736032595,-1.1948556492864246,0.394687600906657
1.0688876122474038,-1.0612467031442199,-0.21700576307739938,-1.9670200335094188
-0.5482845985679573,-0.20271035087722275,0.07990646515444644,-0.2896525846123433
1.4202290419529355,0.006034016119058284,0.31317483919880423,0.8538716538754698
2.32911518027457,-0.29659519562805814,-1.0607806604470618,-0.05568005073827534
-0.3904775546386886,-0.7230400953538886,1.2351440562114198,-1.4354811709026545
-0.47493831629681493,0.09811714989860128,-0.5463950220121574,-0.05924810887851264
1.4652232768917117,0.3722376805229912,-1.616600874662084,1.727707232947492
1.5941537863785744,-1.1647814623915371,-0.061859887993644086,1.2625686006699508
-0.5539772805548011,1.344188490355251,0.08055823159037023,-0.06901405565951704
-0.4490723446854281,-0.16994175290151287,0.20590926051741057,0.9620052941093762
-0.30766179785446257,-0.05214536956294402,1.39923567048804,-0.37879498055415417
-1.3934260225804078,0.6393245935610186,-0.18841392631576206,-1.7393399254319988
-0.9583722136810833,0.16287576516149785,-0.07238363194006184,-0.9464249836783876
-1.0457192363633832,0.8849947407667388,-1.0492224376143247,1.5840427923765623
-0.8042388307329789,0.21694842193562142,0.8613602708857765,-0.28467750909838346
-0.055191066491855914,-0.6853601736021936,0.22946668849953522,-0.2535378627701554
0.21955341035443468,0.29155491953469587,-0.3707374418224448,-0.3109705937894412
1.5644502260912214,-1.2182714411566937,-1.8452318857940133,1.9312054206864506
-1.0398067288945216,0.03783866739313104,1.4809528045883347,1.6482061264642547
0.9859655693447604,-0.10438402240948723,-1.1728666775878558,2.2513027448183585
-0.2383924106669692,-0.27980495362544444,-0.5408166560750649,-0.16773726010430207
-0.07029112424924153,-0.1999825906267643,0.40231202176706865,0.29481317399447543
0.669735244806568,-1.95864833806876,-1.141957464841759,-1.5488656697460472
-1.1668779974873529,-0.6214531433656659,-1.436878656473734,1.4965986137569816
0.3709696210111616,0.022075873329910813,-2.0630053122434577,-1.1939558714038863
0.15031798599666066,0.08929200198969428,0.762484522539767,0.21459757012160155
0.48340302368602184,-1.1018659812838403,-0.49504008263499744,-1.1222572780347886
0.2757018111393496,1.1985204688668787,2.953670414069028,-0.6050089225779774
2.4889167826569363,-0.9398725035269169,-0.9411373339815549,-0.8577099378816148
-0.6713542918054319,0.9013651466669099,-0.8687318344794973,-0.6243468274034935
-0.5622910743248467,0.3574463610272029,-0.5151086277144759,-0.5544025901053123
-0.6564374971891372,-0.7192532955580394,0.287890010109498,-0.5637072099849239
-0.5873033443189029,1.7096797320588937,-0.4205699353729949,0.8418426494786613
-0.6709937650901919,-1.2683344812517552,0.6545628701745065,-1.1299485846315511
1.1951089753460085,0.8509085057832878,-0.9254784762436051,0.21842870662549427
1.43162835640468,0.9325853131904307,-1.3257259305395963,1.2331345528186384
-0.6029044127978673,-0.7437206851395681,-1.7394999412049366,-0.5280268733751777
-0.8702000847477093,1.3256650164254744,-2.1619506169187903,-0.7362978304173008
0.46191007963769326,-0.3218626545585153,-0.4681082942166172,-0.24045561894309386
-0.5839785382050736,0.21852267879885445,-0.2525041137381973,1.1942379045437017
0.6269370913704798,0.19006424731541235,-0.5807010531289869,0.19153673677220975
0.18758153564880006,-0.2057714446781136,1.2813209570095627,-0.5463571060743608
-1.5684428992176502,0.7422317416736743,1.2660505129412742,0.486328288418039
1.5613898283412626,0.7248592991041322,-0.2860954978043905,-1.1273333847570612
1.8151609747552497,-1.824924145888714,-1.735235676267935,0.6872340942079761
-0.6458606516337254,1.237270845421574,-0.516411792638638,0.40975431049689853
-0.41588098135753515,-1.7386214142025842,-0.5493016180457048,-0.3190790164645105
0.27232675777226545,0.9646468099048734,-0.6062232566830775,-0.8590562430463271
0.32197434958852733,1.0590932822869772,-0.6465296714718758,-0.907984993852044
0.6531062638260418,-1.1653505477298063,-0.602576300973044,0.5381519223159215
2.034146492844241,-0.4831213760126335,-0.33748031987409394,1.2443469347330187
-0.20054564980755307,-1.1801337932174945,-0.5847770594221552,-0.6542894634857145
-0.8354014574133473,-0.28662990503356844,0.2533159209249382,0.4603965265993827
-1.429052653096928,-0.38002750556292914,0.4043223843930806,-2.129136544004629
-0.7665699455326275,0.7109888826893308,-0.857999792909801,-0.6006861774275738
-0.053599288831615674,1.243257575110135,1.3087913405398297,-0.03753261189299544
1.813812477527643,1.3288933557485105,-0.9269423089837368,-0.9313861880113352
-0.5486144650140002,-0.6349373144207071,-1.560319548920816,-0.9586740649054104
0.20889999082291869,-0.2809133445656145,0.4245921737213133,-0.6852894371165239
-0.03653212881401288,-1.7596315833162826,-0.7654004262172519,0.2913219312850863
1.1944721704310766,-0.8793835647645886,0.3655123627727528,-0.1965113079368966
2.5621060825813737,0.8967455148855246,-2.340813502938325,-2.2829615631093416
-0.5621601060515102,1.5494638899188182,1.4293518455946388,-2.163393330400655
-0.5198302592831774,-1.309170846656732,0.7141140291215886,-0.623319236941417
1.0471047092991446,-0.6653260647770872,-1.4437977862285327,0.45968427404946316
0.6769609606438763,-0.09753894907131862,-1.4222467489813513,-2.8010623504391488
1.8670954710813508,0.20996415212061673,1.707248372273231,-0.5143272771978336
0.5768683060026745,-0.883128419304969,-0.6859194556324492,-0.5413045853129256
-0.3868539981991786,0.3543034751831534,-0.782062415642389,1.406466330855225
0.5837411631031592,-0.5463388992794881,-2.2041380645870254,-0.3976306865399609
1.1130503261661822,-0.08554895977153028,-0.30196147197234485,0.3836919482399761
0.8185640877227292,0.4768999204994977,-0.17974439781155815,0.1377701947347522
0.49854798147075685,-0.06461067299785703,0.7570183036486177,-2.173430669429387
1.0701078866350215,-0.5087710684243664,-1.3430930601766813,0.7755871211931914
1.174959376300054,-0.18099708221353136,-1.463472560108945,0.2131946087642858
1.3924496191349547,-0.1596853544770143,0.4942967911561187,0.5111430602934229
0.6430581165450756,-0.44219351409983926,1.0462637003668855,3.9883553718514393
-0.19050285428476782,-0.3306389217501375,-1.5139902829501302,-2.1261719555201943
0.13015042368608953,1.5324765192550063,1.1205363168441307,1.7486552700818667
1.212981629886513,0.491579812998428,0.08370311022202168,-0.2983651508099783
-0.8544450124967253,-0.3674352024580616,1.1307571945233774,0.28637380328941814
0.35693460570001845,0.6280301892870731,-0.023322178092780664,-0.05223644184110805
-0.4216407662153973,-0.4058914532677653,-2.4586117283760736,-0.43752490879070677
0.009617364936161128,1.105654537610118,-0.10451018488832658,-0.5856451118154558
1.2864882914323652,0.2997184401587348,1.0993121863926825,0.32928473237594685
0.1755005749697037,-0.17868237522505273,-0.8412162864010441,-1.5494060233080496
0.027693641101333343,0.3780315961935639,-0.33889393951056135,0.7576535272382238
-1.4091665124372201,-1.646725804375757,-0.1285110499459334,-0.42934359050281573
0.7427220242502606,-1.2012609146280957,-2.8332680226133546,-1.1555920326247862
0.6397622954839517,-1.268623535913939,1.7063363234576947,-0.46374821477441575
2.1905234073762148,0.07232705540524605,-0.8487937729922482,1.2730038940287718
-0.33422042669952057,1.6667531500413326,0.5486950337849928,-0.5505493236798349
0.2041615625083937,2.167061472782344,-0.03969025156672325,0.35873131316550966
0.23505207694184369,0.5689470089691041,1.2954370210690083,-0.7495611908033426
1.5919888643089848,0.43132138474102993,0.44969736485168993,0.7651234794668368
-0.11711915682027693,-1.877610308492643,-0.18689978659767148,0.69145422329589
0.26533413317470916,-0.6153835566555159,-0.8409869389912007,1.8747152085204573
0.6013576107753977,-0.8612420186985242,0.8388127188780716,-0.184542312442765
0.17091303574984623,-0.6937960801168724,-1.8142120808508164,0.6743091793945715
-0.4758896478769741,-0.23970984639793186,0.687891593990484,0.09383199405909042
0.1785565112006225,-0.5445847895630367,-1.0451111161354025,1.312397632569012
1.0772161669850795,-2.0563966953481376,1.2901381119125135,-0.7372271608091336
-1.0685801064227327,0.6791416484384122,0.20661451403750877,0.7519830616447488
0.11610766874844414,-1.1470714931350632,0.6861370225363917,-0.20400729911435084
-0.7350910449382959,0.16892491449126895,0.12784613900724145,-0.0712360813175222
1.2012701445980012,2.009363890037921,-1.6939757503783648,0.08740748088176445
-1.576047466999353,-0.9932447373145749,-0.8084252112301775,0.2506771104445356
-0.5908229477422776,-2.609066998476964,0.7142093026934515,-0.12417896537281524
0.3656587679059867,-0.35793016847347253,0.21193416070185925,0.21249944253591968
1.57980031715994,1.033269159569564,1.2193318862797562,1.5995360488573673
-0.08693168346961644,1.8932752455668693,0.44693482671237283,0.9965950276393147
-0.5870197180454287,-1.3043569133309834,-0.9136732608928686,0.8782842057254301
1.9022940214336956,0.42716347438017416,-0.7442023870509588,-0.46937067587154324
-1.499240486893496,-0.5377839637036583,0.14863159896192515,-0.9105892703373063
-2.2663519121938034,-0.17732445136010108,-2.2518018509697018,0.9659233290803286
0.42982643245985486,2.581366013300675,1.7084163120360236,0.8852958674286233
-0.5327192385855936,-1.5786126118105437,0.4851439142129529,1.492260960319817
-1.0631828030313113,0.18346196957117455,1.2650617087201825,-0.6203846874641754
0.7040011660287449,0.3980688450460154,-1.523377239448239,-0.23946273275624133
0.22934775443023292,1.0180495136834151,1.2824723920569858,-1.6738364816860742
-0.5960918201034364,0.027229816709945304,2.262657153210976,-0.40520909860670884
-1.3278856172498676,0.2379387006103835,-1.265427746132573,1.0079086085187738
0.871668977191672,-0.4638971277422517,0.8125446790409268,-0.48051642555552143
0.6445818219053836,0.19889623856325045,0.04752034715560465,0.6456458158015906
-0.12108383188641365,-0.415292861358292,-1.487454490313771,-0.19974041160498907
1.8670236126925468,0.5524174736321729,0.5359314558339668,0.3237385312397768
-1.1130966081473288,-0.4417915966337862,0.8743207345235214,-1.1735195242766816
-1.5784365581695436,0.307199417509142,-0.5505978516769032,0.0807510364355341
-0.7266997859805623,-0.10040473059673548,1.204361578176107,-3.0489163075181676
-0.0663291446207809,1.0584363963589705,-1.6089475176206534,-0.19607094497819869
0.22887646384369964,-0.12260322324962203,-1.4381165015795117,-1.6646693777089485
-0.2662318752844896,-1.8494994597789292,0.18208128866836273,1.2209625354741334
0.33995548301273215,1.1947225660972536,0.07162967743401082,0.7849467221737821
-1.2984954014236718,-0.9795507556098552,-0.6652553219195838,0.4688243954106419
1.4553943043268676,-0.7268153468368952,0.8504761458062358,1.5414343059997606
-0.10368909446950315,-0.6685328626827943,0.5736818705159348,-0.9712993145022002
1.121829340089796,1.3075827585552615,0.8986888160014134,1.7717146947763824
0.3304226330055103,-2.213248630700715,-0.0758763937708663,0.9424137897029127
0.44692903885575036,3.0762779468065764,0.6448776112825338,-0.24659080971814212
0.5623995965907216,0.988229210651834,-0.39618480164843584,1.1493683756703328
0.43768778316557533,0.15286807988246479,2.0861919702072336,-1.1314041024662511
0.6369408513950194,-0.12611418932482996,-0.7605713124299307,-0.844740704144503
1.3382909989963394,0.21537353689378078,2.1373186804055537,-0.6250736736606578
0.18104053255809383,0.45166126241901294,0.08106736405943986,-0.5440817530464939
0.704662546386228,0.5761333721794205,-1.319686684426223,-1.080806166996438
-0.11143846894688038,0.48624860031848427,1.4051419500414886,1.238347279804267
1.451667635320854,0.018801685261289242,0.17145842441896125,-0.2692764307025788
-0.7108467642680998,-0.2689936017729858,0.8917218142219716,0.3526795560837247
1.8203337797493522,-0.22278779270221427,1.2619047671014176,-0.5861725360166137
-0.060783093367440755,-0.26655604072538835,0.3820624914759525,-1.8580949358415173
-1.4816269825633397,1.0661798171024532,-0.5417729073210986,0.2688028916579589
0.11113665724637746,0.5243167541272479,1.0154591095359027,-1.95133519811785
-0.7156073963822992,-3.0204204656205995,0.04716833368556245,-0.0757590100042178
0.8391636871119826,0.5868511928931845,0.7275856816248566,-1.3979672163413979
-0.6865618084053311,0.1242783196702815,-2.0925846370855687,2.0157858756850278
-0.4756340285487395,-0.08981844367489734,0.49034309626262257,0.9212239238144004
-1.9503644345657558,-0.4607574547543517,-0.5878009648747764,0.10165147066407586
-0.4818900028813255,1.056492948795868,1.6884217347712647,1.279675014496353
-2.4963175228285754,0.8793674367917403,0.6652444567882138,-0.8669204083236208
-1.638083119280181,-0.846290414834124,0.28463550944340876,0.5469641027729617
0.7571909227072356,0.3372427769794615,0.5294024324389526,0.1973383855287528
0.7831282096681728,-1.0456765074674261,-0.9451951812210131,0.262660971206528
0.41495313270233347,-1.4548837588411323,1.6585743004176416,1.288471711277106
-1.0077467949097174,-0.6996836309553257,2.0241707411132572,0.739252961588785
-0.06850068122586885,0.7939744703252178,0.436644626633318,0.28779273689061435
-0.023433105940507175,0.8849831168408319,1.6259458393136323,-1.6895067384706488
-1.2032954014028767,0.44359971094742656,-0.5188381765694149,-0.982621999992493
1.516324212223322,0.6562575089851559,-0.745244639205352,-0.1307711710051128
0.8766805547469668,0.44670202287528404,0.08706288399087407,0.08905544806468407
-0.24551935745652192,-0.7144930886075348,0.47838475588693613,-1.1557287475482996
0.007717973742209026,0.3621889826209384,-0.34487447332395244,2.4475426376698897
0.1931599977897274,0.7318012383380055,0.5805087407594371,1.5367421918756585
-2.105866694824068,0.6855422084775923,0.35071227896878016,0.606619426186116
-0.2723023417921165,1.1214914866890002,-0.9450620205035989,0.06735012920332055
-0.7165602578828252,0.6394142905858493,0.561663326545364,-0.2218225006243624
-1.0431436878216171,0.2814688952242858,0.9040411345959672,-0.9743532859489435
-0.3069626074484687,1.0023656780195327,0.21671474457649,0.07288814069146643
1.8170091461229747,-0.09765480407909223,1.1911838951423355,0.2562847954815355
0.6350200909355027,-0.9556202501564142,-1.162660778589808,-1.2692191997701765
-0.6033465140003222,-0.2346174882011858,0.5111684102289463,0.33403331841019723
0.5652762960207235,-0.8182299624795492,-1.1158599352275735,-0.1638854734479462
